,val_accuracy,val_accuracy,train_accuracy,train_accuracy
,mean,std,mean,std
classifier,,,,
XGBoost,0.81232917409388,0.06463207573402421,0.9956656113372532,0.010582934407125483
RandomForest,0.811507229154288,0.07072034040748164,0.9903412231770441,0.01493912028978583
SVM_RBF,0.7162210338680927,0.08187004951070428,0.9815015829941203,0.02111779499448134
SVM_linear,0.7153396712220241,0.07906886054180715,0.9840268355193729,0.0227402220494349
NearestCentroid,0.6843434343434344,0.09495984627725805,0.8539047188300919,0.06925702296983931
